date,north,east,site,Lat,Long
2015-01-01,-151.87,-142.33, ALBH, 48.3897811345 N, -123.4874707769 E
2015-01-02,-151.76,-142.48,,,
2015-01-03,-152.28,-142.24,,,
2015-01-04,-152.63,-142.63,,,
2015-01-05,-153.09,-143.03,,,
2015-01-06,-151.87,-141.51,,,
2015-01-07,-152.91,-141.75,,,
2015-01-08,-151.26,-142.5,,,
2015-01-09,-152.87,-142.59,,,
2015-01-10,-152.25,-143.85,,,
2015-01-11,-152.7,-143.2,,,
2015-01-12,-152.98,-142.29,,,
2015-01-13,-152.6,-142.46,,,
2015-01-14,-152.71,-142.8,,,
2015-01-15,-153.02,-142.11,,,
2015-01-16,-153.02,-145.32,,,
2015-01-17,-152.35,-142.41,,,
2015-01-18,-153.65,-142.65,,,
2015-01-19,-153.67,-141.65,,,
2015-01-20,-152.35,-142.49,,,
2015-01-21,-152.7,-142.18,,,
2015-01-22,-153.27,-142.65,,,
2015-01-23,-152.13,-142.94,,,
2015-01-24,-152.39,-142.8,,,
2015-01-25,-153.12,-142.06,,,
2015-01-26,-151.99,-143.28,,,
2015-01-27,-152.57,-142.26,,,
2015-01-28,-151.76,-142.64,,,
2015-01-29,-151.84,-142.6,,,
2015-01-30,-152.08,-142.09,,,
2015-01-31,-152.63,-142.63,,,
2015-02-01,-153.07,-143.1,,,
2015-02-02,-151.69,-142.45,,,
2015-02-03,-153.08,-143.46,,,
2015-02-04,-152.99,-142.53,,,
2015-02-05,-153.02,-142.29,,,
2015-02-06,-151.53,-143.35,,,
2015-02-07,-152.09,-143.17,,,
2015-02-08,-152.45,-142.79,,,
2015-02-09,-152.77,-142.86,,,
2015-02-10,-151.2,-142.24,,,
2015-02-11,-151.96,-141.83,,,
2015-02-12,-152,-142.27,,,
2015-02-13,-151.79,-142.19,,,
2015-02-14,-151.95,-142.07,,,
2015-02-15,-151.59,-142.19,,,
2015-02-16,-150.57,-141.62,,,
2015-02-17,-152.11,-142.6,,,
2015-02-18,-152.53,-142.71,,,
2015-02-19,-152.06,-142.32,,,
2015-02-20,-151.73,-142.44,,,
2015-02-21,-153.24,-142.85,,,
2015-02-22,-152.72,-142.54,,,
2015-02-23,-152.37,-142.84,,,
2015-02-24,-151,-143.75,,,
2015-02-25,-151.5,-143.23,,,
2015-02-26,-152.36,-142.97,,,
2015-02-27,-152.56,-144.12,,,
2015-02-28,-152.16,-144.22,,,
2015-03-01,-153.19,-143.54,,,
2015-03-02,-152.23,-144.12,,,
2015-03-03,-152.24,-143.18,,,
2015-03-04,-152.34,-143.06,,,
2015-03-05,-154.11,-142.9,,,
2015-03-06,-153.53,-142.77,,,
2015-03-07,-153.91,-143.86,,,
2015-03-08,-153.51,-143.57,,,
2015-03-09,-152.99,-144.45,,,
2015-03-10,-153.56,-143.86,,,
2015-03-11,-153.58,-143.84,,,
2015-03-12,-153.02,-143.73,,,
2015-03-13,-153.35,-142.93,,,
2015-03-14,-152.67,-145.88,,,
2015-03-15,-154.39,-144.15,,,
2015-03-16,-153.52,-143.74,,,
2015-03-17,-152.59,-144.19,,,
2015-03-18,-154.08,-143.18,,,
2015-03-19,-154.95,-144.21,,,
2015-03-20,-153.53,-143.69,,,
2015-03-21,-154.32,-144.03,,,
2015-03-22,-152.89,-143.67,,,
2015-03-23,-153.58,-143.79,,,
2015-03-24,-153.88,-143.35,,,
2015-03-25,-153.85,-144.13,,,
2015-03-26,-154.16,-142.49,,,
2015-03-27,-154.32,-143.14,,,
2015-03-28,-154.26,-145.55,,,
2015-03-29,-154.64,-143.61,,,
2015-03-30,-153.89,-144.74,,,
2015-03-31,-154.96,-144.71,,,
2015-04-01,-153.85,-142.76,,,
2015-04-02,-153.42,-143.1,,,
2015-04-03,-154.99,-143.44,,,
2015-04-04,-153.96,-143.05,,,
2015-04-05,-153.6,-143.86,,,
2015-04-06,-154.11,-144.1,,,
2015-04-07,-154.53,-144.1,,,
2015-04-08,-154.1,-144.12,,,
2015-04-09,-154.21,-143.84,,,
2015-04-10,-154.56,-143.47,,,
2015-04-11,-152.91,-145.55,,,
2015-04-12,-154.88,-144.29,,,
2015-04-13,-153.9,-143.84,,,
2015-04-14,-154.71,-144.01,,,
2015-04-15,-152.7,-143.56,,,
2015-04-16,-154.1,-143.63,,,
2015-04-17,-153.45,-143.7,,,
2015-04-18,-153.95,-143.9,,,
2015-04-19,-153.94,-143.66,,,
2015-04-20,-153.41,-144.56,,,
2015-04-21,-152.09,-143.56,,,
2015-04-22,-152.5,-143.32,,,
2015-04-23,-153.08,-143.43,,,
2015-04-24,-152.93,-143.55,,,
2015-04-25,-151.8,-143.73,,,
2015-04-26,-153.07,-144.74,,,
2015-04-27,-154.03,-144.24,,,
2015-04-28,-155.35,-145.12,,,
2015-04-29,-153.14,-143.22,,,
2015-04-30,-153.05,-144.32,,,
2015-05-01,-153.57,-145.18,,,
2015-05-02,-152.47,-145.18,,,
2015-05-03,-153.61,-144.88,,,
2015-05-04,-154.03,-145.12,,,
2015-05-05,-153.29,-144.22,,,
2015-05-06,-152.22,-144.56,,,
2015-05-07,-153.13,-144.99,,,
2015-05-08,-153.14,-144.36,,,
2015-05-09,-152.83,-143.83,,,
2015-05-10,-153.18,-144.69,,,
2015-05-11,-153.04,-144.56,,,
2015-05-12,-152.94,-144.71,,,
2015-05-13,-153.67,-144.2,,,
2015-05-14,-153.52,-144.88,,,
2015-05-15,-152.66,-144.41,,,
2015-05-16,-153.57,-144.52,,,
2015-05-17,-153.52,-144.29,,,
2015-05-18,-153.19,-144.75,,,
2015-05-19,-152.7,-144.61,,,
2015-05-20,-153.64,-145.2,,,
2015-05-21,-153.79,-145.18,,,
2015-05-22,-153.44,-145.11,,,
2015-05-23,-153.89,-144.76,,,
2015-05-24,-153.68,-144.49,,,
2015-05-25,-154.06,-144.8,,,
2015-05-26,-154.5,-145.25,,,
2015-05-27,-154.31,-145.37,,,
2015-05-28,-153.59,-144.97,,,
2015-05-29,-154.47,-144.22,,,
2015-05-30,-152.03,-145.19,,,
2015-05-31,-153.94,-145.26,,,
2015-06-01,-153.91,-145.64,,,
2015-06-02,-153.54,-145.07,,,
2015-06-03,-153.66,-145.37,,,
2015-06-04,-153.93,-144.91,,,
2015-06-05,-153.8,-145.71,,,
2015-06-06,-152.78,-144.94,,,
2015-06-07,-153.64,-145.5,,,
2015-06-08,-153.65,-145.23,,,
2015-06-09,-152.46,-145.99,,,
2015-06-10,-154.11,-144.62,,,
2015-06-11,-152.23,-144.83,,,
2015-06-12,-153.75,-145.28,,,
2015-06-13,-153.65,-145.29,,,
2015-06-14,-153.96,-145.08,,,
2015-06-15,-153.92,-144.64,,,
2015-06-16,-153.76,-144.74,,,
2015-06-17,-154.66,-145.04,,,
2015-06-18,-155.47,-144.47,,,
2015-06-19,-154.25,-143.07,,,
2015-06-20,-154.61,-145.1,,,
2015-06-21,-154.51,-144.7,,,
2015-06-22,-153.73,-144.07,,,
2015-06-23,-154.86,-143.98,,,
2015-06-24,-154.09,-143.82,,,
2015-06-25,-154.75,-145.28,,,
2015-06-26,-154.22,-144.25,,,
2015-06-27,-155.61,-144.99,,,
2015-06-28,-155.24,-144.91,,,
2015-06-29,-153.98,-145.33,,,
2015-06-30,-154.56,-143.98,,,
2015-07-01,-153.73,-144.49,,,
2015-07-02,-154.59,-144.57,,,
2015-07-06,-153,-145.92,,,
2015-07-07,-155.05,-145.18,,,
2015-07-08,-154.68,-144.47,,,
2015-07-09,-156.79,-146.01,,,
2015-07-10,-155.41,-144.35,,,
2015-07-11,-155.7,-144.62,,,
2015-07-12,-154.26,-144.98,,,
2015-07-13,-155.17,-145.39,,,
2015-07-14,-155.89,-144.87,,,
2015-07-15,-154.55,-143.92,,,
2015-07-16,-154.04,-145.38,,,
2015-07-17,-154.56,-145.15,,,
2015-07-18,-154.76,-144.67,,,
2015-07-19,-154.37,-144.74,,,
2015-07-20,-154.3,-143.26,,,
2015-07-21,-153.97,-144.11,,,
2015-07-22,-153.2,-144.79,,,
2015-07-23,-153.88,-144.56,,,
2015-07-24,-155.14,-145.62,,,
2015-07-25,-154.8,-142.93,,,
2015-07-26,-154.56,-144.65,,,
2015-07-27,-154.48,-144.17,,,
2015-07-28,-154.49,-144.19,,,
2015-07-29,-153.94,-144.41,,,
2015-07-30,-153.67,-144.55,,,
2015-07-31,-154.38,-144.46,,,
2015-08-01,-154.67,-144.44,,,
2015-08-02,-155.78,-144.03,,,
2015-08-03,-156.43,-147.07,,,
2015-08-04,-154.93,-144.74,,,
2015-08-05,-153.48,-143.53,,,
2015-08-06,-154.81,-144.86,,,
2015-08-07,-155.44,-144.78,,,
2015-08-08,-155.82,-144.73,,,
2015-08-09,-155.86,-144.94,,,
2015-08-10,-155.09,-144.84,,,
2015-08-11,-155.2,-144.64,,,
2015-08-12,-154.8,-145.05,,,
2015-08-13,-153.87,-144.88,,,
2015-08-14,-155.28,-144.71,,,
2015-08-15,-154.54,-144.85,,,
2015-08-16,-155.38,-144.92,,,
2015-08-17,-155.54,-144.42,,,
2015-08-18,-155.19,-144.6,,,
2015-08-19,-155.84,-145.59,,,
2015-08-20,-155.4,-145.79,,,
2015-08-21,-154.97,-145.59,,,
2015-08-22,-154.61,-145.15,,,
2015-08-23,-156.01,-145.73,,,
2015-08-24,-156.89,-146.04,,,
2015-08-25,-155.74,-145.85,,,
2015-08-26,-155.13,-145.2,,,
2015-08-27,-155.79,-144.7,,,
2015-08-28,-155.97,-145.53,,,
2015-08-29,-157.18,-145.27,,,
2015-08-30,-155.96,-145.9,,,
2015-08-31,-158.2,-146.48,,,
2015-09-01,-155.69,-145.48,,,
2015-09-02,-155.66,-145.48,,,
2015-09-03,-156.53,-144.84,,,
2015-09-04,-155.29,-145.65,,,
2015-09-05,-156.37,-144.97,,,
2015-09-06,-156.19,-144.89,,,
2015-09-07,-155.63,-145.28,,,
2015-09-08,-154.45,-143.97,,,
2015-09-09,-155.06,-144.11,,,
2015-09-10,-156.16,-144.43,,,
2015-09-11,-156.46,-145.09,,,
2015-09-12,-156.06,-145.34,,,
2015-09-13,-154.28,-146.18,,,
2015-09-14,-155.17,-145.88,,,
2015-09-16,-154.75,-147.01,,,
2015-09-19,-154.32,-146.76,,,
2015-09-20,-155.57,-148.83,,,
2015-09-21,-154.55,-146.5,,,
2015-09-22,-154.6,-148.22,,,
2015-09-23,-155.52,-147.71,,,
2015-09-24,-155.08,-146.63,,,
2015-09-25,-154.4,-148.35,,,
2015-09-26,-154.84,-147.93,,,
2015-09-27,-154.96,-147.98,,,
2015-09-28,-155.25,-147.52,,,
2015-09-29,-155.5,-147.52,,,
2015-09-30,-155.35,-147.76,,,
2015-10-01,-155.06,-147.84,,,
2015-10-02,-154.22,-147.4,,,
2015-10-03,-154.62,-147.48,,,
2015-10-04,-154.49,-147.88,,,
2015-10-05,-155.19,-147.47,,,
2015-10-06,-156.48,-148.22,,,
2015-10-07,-156.61,-147.62,,,
2015-10-08,-155.69,-146.81,,,
2015-10-09,-156.16,-148.35,,,
2015-10-10,-155.31,-148.41,,,
2015-10-11,-155.84,-149.6,,,
2015-10-12,-155.6,-146.99,,,
2015-10-13,-155.69,-147.87,,,
2015-10-14,-155.81,-147.67,,,
2015-10-15,-156.17,-148.21,,,
2015-10-16,-155.94,-147.65,,,
2015-10-17,-155.62,-148.17,,,
2015-10-18,-155.58,-147.83,,,
2015-10-19,-155.08,-148.42,,,
2015-10-20,-155.42,-147.91,,,
2015-10-21,-156.27,-147.45,,,
2015-10-22,-155.23,-147.42,,,
2015-10-23,-155.95,-148.38,,,
2015-10-24,-156.58,-147.93,,,
2015-10-25,-156.49,-147.91,,,
2015-10-26,-155.33,-147.91,,,
2015-10-27,-156.23,-147.42,,,
2015-10-28,-156.67,-148.3,,,
2015-10-29,-154.99,-147.38,,,
2015-10-30,-154.37,-148.72,,,
2015-10-31,-156.67,-150.55,,,
2015-11-01,-156.59,-149.19,,,
2015-11-02,-155.58,-149.06,,,
2015-11-03,-155.69,-148.27,,,
2015-11-04,-157.06,-148.61,,,
2015-11-05,-156.86,-148.19,,,
2015-11-06,-157.21,-148.04,,,
2015-11-07,-157.56,-147.23,,,
2015-11-08,-156.42,-148.69,,,
2015-11-09,-155.94,-148.57,,,
2015-11-10,-156.4,-148.21,,,
2015-11-11,-156.3,-148.62,,,
2015-11-12,-157.32,-147.54,,,
2015-11-13,-156.33,-149.47,,,
2015-11-14,-155.66,-149.49,,,
2015-11-15,-156.29,-148.58,,,
2015-11-16,-157.22,-148.95,,,
2015-11-17,-158.15,-149.98,,,
2015-11-18,-156.08,-148.83,,,
2015-11-19,-157.01,-149.44,,,
2015-11-20,-156.06,-148.56,,,
2015-11-21,-156.92,-148.15,,,
2015-11-22,-157.04,-147.83,,,
2015-11-23,-156.57,-148.51,,,
2015-11-24,-156.52,-149.45,,,
2015-11-25,-157.01,-148.32,,,
2015-11-26,-156.99,-148.07,,,
2015-11-27,-156.97,-148.42,,,
2015-11-28,-156.55,-148.49,,,
2015-11-29,-157.24,-148.94,,,
2015-11-30,-157.85,-148.79,,,
2015-12-01,-157.91,-148.92,,,
2015-12-02,-156.92,-149.02,,,
2015-12-03,-156.69,-149.41,,,
2015-12-04,-157.74,-149.78,,,
2015-12-05,-156.71,-149.21,,,
2015-12-06,-158.44,-149.77,,,
2015-12-07,-158.39,-148.43,,,
2015-12-08,-157.25,-149.29,,,
2015-12-09,-156.36,-148.92,,,
2015-12-10,-157.98,-149.61,,,
2015-12-11,-158,-149.4,,,
2015-12-12,-158.12,-148.94,,,
2015-12-13,-157.33,-150.52,,,
2015-12-14,-157.28,-148.45,,,
2015-12-15,-157.22,-148.48,,,
2015-12-16,-156.89,-149.45,,,
2015-12-17,-158.18,-149,,,
2015-12-18,-157.28,-150.4,,,
2015-12-19,-157.83,-150.12,,,
2015-12-20,-157.72,-150.58,,,
2015-12-21,-157.63,-149.9,,,
2015-12-22,-157.04,-149.32,,,
2015-12-23,-157.98,-150.48,,,
2015-12-24,-156.37,-148.7,,,
2015-12-25,-157.49,-148.71,,,
2015-12-26,-157.77,-148.53,,,
2015-12-27,-157.14,-148.61,,,
2015-12-28,-157.67,-149.08,,,
2015-12-29,-157.78,-150.29,,,
2015-12-30,-158.13,-150.84,,,
2015-12-31,-158.74,-151.39,,,
2016-01-01,-158.63,-152.36,,,
2016-01-02,-159.41,-152.7,,,
2016-01-03,-158.94,-153.86,,,
2016-01-04,-159.37,-153.76,,,
2016-01-05,-159.31,-153.97,,,
2016-01-06,-159.52,-154.19,,,
2016-01-07,-158.75,-153.34,,,
2016-01-08,-159.98,-153.36,,,
2016-01-09,-160.03,-154.05,,,
2016-01-10,-159.05,-154.24,,,
2016-01-11,-159.95,-154.26,,,
2016-01-12,-159.52,-154.19,,,
2016-01-13,-159.73,-153.79,,,
2016-01-14,-159.78,-154.09,,,
2016-01-15,-159.61,-154.65,,,
2016-01-16,-160.08,-154.08,,,
2016-01-17,-159.92,-155,,,
2016-01-18,-160.18,-154.08,,,
2016-01-19,-159.29,-154.11,,,
2016-01-20,-159.74,-153.96,,,
2016-01-21,-159.8,-153.7,,,
2016-01-22,-159.17,-155.61,,,
2016-01-23,-159.79,-154.63,,,
2016-01-24,-159.1,-154.09,,,
2016-01-25,-160.66,-153.75,,,
2016-01-26,-159.53,-154.19,,,
2016-01-27,-160.21,-153.88,,,
2016-01-28,-160.22,-156.53,,,
2016-01-29,-160.41,-154.39,,,
2016-01-30,-160.2,-154.23,,,
2016-01-31,-160.05,-153.89,,,
2016-02-01,-160.08,-153.9,,,
2016-02-02,-159.48,-153.88,,,
2016-02-03,-159.7,-153.64,,,
2016-02-04,-160.55,-154.83,,,
2016-02-05,-159.59,-154.86,,,
2016-02-06,-158.34,-154.64,,,
2016-02-07,-160.22,-153.93,,,
2016-02-08,-159.75,-153.26,,,
2016-02-09,-159.62,-153.49,,,
2016-02-10,-160.64,-153.55,,,
2016-02-11,-158.94,-154.3,,,
2016-02-12,-160.09,-153.65,,,
2016-02-13,-160.51,-155.2,,,
2016-02-14,-159.96,-155.22,,,
2016-02-15,-160.34,-154.97,,,
2016-02-16,-160.55,-154.86,,,
2016-02-17,-160.02,-154.64,,,
2016-02-18,-159.28,-154.79,,,
2016-02-19,-160.64,-154.96,,,
2016-02-20,-160.88,-153.44,,,
2016-02-21,-160.72,-154.35,,,
2016-02-22,-161.07,-155.33,,,
2016-02-23,-160.48,-154.75,,,
2016-02-24,-161.24,-154.24,,,
2016-02-25,-160.43,-154.15,,,
2016-02-26,-159.9,-154.04,,,
2016-02-27,-160.74,-153.68,,,
2016-02-28,-161.4,-154.81,,,
2016-02-29,-160.82,-155.04,,,
2016-03-01,-160.51,-154.37,,,
2016-03-02,-160.18,-153.64,,,
2016-03-03,-161.4,-153.85,,,
2016-03-04,-161.83,-154.84,,,
2016-03-05,-161.5,-155.19,,,
2016-03-06,-160.71,-155.52,,,
2016-03-07,-160.13,-154.93,,,
2016-03-08,-160.29,-155.36,,,
2016-03-09,-160.93,-154.93,,,
2016-03-10,-162.35,-154.59,,,
2016-03-11,-161.31,-154.3,,,
2016-03-12,-161.49,-155.21,,,
2016-03-13,-160.59,-154.57,,,
2016-03-14,-160.56,-155.94,,,
2016-03-15,-160.83,-153.27,,,
2016-03-16,-159.3,-154.99,,,
2016-03-17,-159.52,-154.15,,,
2016-03-18,-159.8,-154.52,,,
2016-03-19,-158.62,-154.49,,,
2016-03-20,-160.98,-154.71,,,
2016-03-21,-160.39,-154.96,,,
2016-03-22,-159.03,-154.2,,,
2016-03-23,-160.82,-153.32,,,
2016-03-24,-160.98,-155.62,,,
2016-03-25,-160.92,-153.26,,,
2016-03-26,-159.99,-154.23,,,
2016-03-27,-159.91,-155.51,,,
2016-03-28,-159.52,-154.5,,,
2016-03-29,-159,-154.2,,,
2016-03-30,-159.21,-153.9,,,
2016-03-31,-160.04,-154.09,,,
2016-04-01,-160.42,-153.79,,,
2016-04-02,-159.67,-153.68,,,
2016-04-03,-159.74,-153.78,,,
2016-04-04,-159.61,-154.94,,,
2016-04-05,-158.92,-154.18,,,
2016-04-06,-160.59,-153.39,,,
2016-04-07,-160.9,-154.37,,,
2016-04-08,-160.29,-154.51,,,
2016-04-09,-159.29,-154.95,,,
2016-04-10,-161.13,-154.54,,,
2016-04-11,-159.8,-153.78,,,
2016-04-12,-160.78,-154.35,,,
2016-04-13,-160.66,-154.02,,,
2016-04-14,-160.69,-153.71,,,
2016-04-15,-160.64,-154.06,,,
2016-04-16,-160.31,-153.56,,,
2016-04-17,-160.43,-153.03,,,
2016-04-18,-160.56,-154.02,,,
2016-04-19,-159.99,-155.23,,,
2016-04-20,-160.25,-154.57,,,
2016-04-21,-160.55,-154.94,,,
2016-04-22,-160.27,-154.95,,,
2016-04-23,-160.53,-154.14,,,
2016-04-24,-160.78,-153.88,,,
2016-04-25,-160.32,-154.55,,,
2016-04-26,-161.16,-154.61,,,
2016-04-27,-160.82,-154.77,,,
2016-04-28,-160.94,-154.4,,,
2016-04-29,-159.89,-154.42,,,
2016-04-30,-159.93,-154.71,,,
2016-05-01,-160.8,-154.51,,,
2016-05-02,-160.82,-155.05,,,
2016-05-03,-160.89,-154.81,,,
2016-05-04,-160.77,-154.61,,,
2016-05-05,-161.88,-155.85,,,
2016-05-06,-160.42,-155.48,,,
2016-05-07,-160.95,-154.65,,,
2016-05-08,-159.88,-153.77,,,
2016-05-09,-161.18,-154.64,,,
2016-05-10,-160.82,-155,,,
2016-05-11,-161.01,-154.6,,,
2016-05-12,-160.4,-154.29,,,
2016-05-13,-160.56,-154.59,,,
2016-05-14,-160.59,-155.03,,,
2016-05-15,-160.46,-155.89,,,
2016-05-16,-160.94,-155.45,,,
2016-05-17,-161.08,-154.96,,,
2016-05-18,-162.26,-157.15,,,
2016-05-19,-160.71,-155.32,,,
2016-05-20,-159.83,-155.63,,,
2016-05-21,-159.41,-155.33,,,
2016-05-22,-160.86,-154.1,,,
2016-05-23,-160.16,-155.04,,,
2016-05-24,-160.98,-154.87,,,
2016-05-25,-160.62,-155.25,,,
2016-05-26,-158.67,-154.81,,,
2016-05-27,-161.34,-154.94,,,
2016-05-28,-161.39,-154.73,,,
2016-05-29,-160.89,-155.15,,,
2016-05-30,-160.56,-154.86,,,
2016-05-31,-160.5,-154.76,,,
2016-06-01,-160.71,-152.52,,,
2016-06-02,-161.54,-155.11,,,
2016-06-03,-160.81,-155.11,,,
2016-06-04,-161.67,-154.48,,,
2016-06-05,-161.29,-155.49,,,
2016-06-06,-162.57,-154.05,,,
2016-06-07,-160.6,-154.79,,,
2016-06-08,-161.63,-153.33,,,
2016-06-09,-156.09,-63.15,,,
2016-06-10,-161.13,-155.3,,,
2016-06-11,-161.02,-154.77,,,
2016-06-12,-161.31,-154.71,,,
2016-06-13,-161.51,-154.06,,,
2016-06-14,-161.97,-154.69,,,
2016-06-15,-161.14,-155.43,,,
2016-06-16,-161.96,-155,,,
2016-06-17,-161.76,-154.65,,,
2016-06-18,-161.44,-154.64,,,
2016-06-19,-161.74,-154.08,,,
2016-06-20,-162.66,-154.29,,,
2016-06-21,-161.12,-155,,,
2016-06-22,-161.67,-154.59,,,
2016-06-23,-161.55,-155.94,,,
2016-06-24,-161.29,-154.36,,,
2016-06-25,-162.3,-154.53,,,
2016-06-26,-161.94,-154.81,,,
2016-06-27,-160.69,-155.22,,,
2016-06-28,-160.84,-154.87,,,
2016-06-29,-161.25,-155.25,,,
2016-06-30,-160.86,-154.6,,,
2016-07-01,-161.56,-155,,,
2016-07-02,-162.16,-154.67,,,
2016-07-03,-162.95,-152.06,,,
2016-07-04,-161.35,-153.95,,,
2016-07-05,-161.88,-155.53,,,
2016-07-06,-161.53,-154.87,,,
2016-07-07,-161.14,-154.65,,,
2016-07-08,-161.9,-155.51,,,
2016-07-09,-163.21,-155.72,,,
2016-07-10,-161.82,-155.22,,,
2016-07-11,-161.76,-154.26,,,
2016-07-12,-161.8,-156.03,,,
2016-07-13,-161.39,-155.1,,,
2016-07-14,-161,-154.83,,,
2016-07-15,-161.78,-154.66,,,
2016-07-16,-161.29,-155.04,,,
2016-07-17,-162.17,-155.22,,,
2016-07-18,-161.82,-154.19,,,
2016-07-19,-161.56,-154.53,,,
2016-07-20,-162.13,-155.32,,,
2016-07-21,-161.35,-155.77,,,
2016-07-22,-161.83,-155.66,,,
2016-07-23,-162.39,-154.75,,,
2016-07-24,-162.07,-156.09,,,
2016-07-25,-162.26,-155.45,,,
2016-07-26,-161.5,-154.98,,,
2016-07-27,-161.99,-154.46,,,
2016-07-28,-162.02,-154.69,,,
2016-07-29,-161.58,-155.13,,,
2016-07-30,-162.59,-154.72,,,
2016-07-31,-161.26,-155.63,,,
2016-08-01,-161.86,-155.16,,,
2016-08-02,-161.6,-153.61,,,
2016-08-03,-162.29,-155.29,,,
2016-08-04,-161.89,-155.22,,,
2016-08-05,-162.42,-154.83,,,
2016-08-06,-161.39,-154.99,,,
2016-08-07,-162.18,-154.69,,,
2016-08-08,-162.51,-155.71,,,
2016-08-09,-162.18,-155.69,,,
2016-08-10,-162.42,-155.02,,,
2016-08-11,-162.3,-155.57,,,
2016-08-12,-162.09,-155.41,,,
2016-08-13,-161.1,-155.07,,,
2016-08-14,-163.24,-155.48,,,
2016-08-15,-161.73,-155.4,,,
2016-08-16,-162.04,-156.38,,,
2016-08-17,-162.08,-155.23,,,
2016-08-18,-162.35,-154.66,,,
2016-08-19,-162.31,-155.34,,,
2016-08-20,-162.85,-155.56,,,
2016-08-21,-164.62,-155.12,,,
2016-08-22,-162.51,-155.63,,,
2016-08-23,-161.9,-155.47,,,
2016-08-24,-161.26,-155.62,,,
2016-08-25,-161.85,-154.83,,,
2016-08-26,-161.85,-155.45,,,
2016-08-27,-161.72,-152.86,,,
2016-08-28,-162.46,-155.39,,,
2016-08-29,-162.91,-155.21,,,
2016-08-30,-162.42,-155.93,,,
2016-08-31,-161.97,-154.55,,,
2016-09-01,-162.28,-156.24,,,
2016-09-02,-163.55,-156.61,,,
2016-09-03,-162.8,-155.91,,,
2016-09-04,-162.62,-156.68,,,
2016-09-05,-161.6,-155.68,,,
2016-09-06,-162.7,-156.35,,,
2016-09-07,-163.02,-156.65,,,
2016-09-08,-163.15,-156.31,,,
2016-09-09,-161.78,-156.69,,,
2016-09-10,-163.14,-156.35,,,
2016-09-11,-161.35,-155.84,,,
2016-09-12,-162.06,-155.63,,,
2016-09-13,-163,-156.34,,,
2016-09-14,-162.4,-155.9,,,
2016-09-15,-163.29,-155.18,,,
2016-09-16,-163.17,-155.54,,,
2016-09-17,-163.48,-156.6,,,
2016-09-18,-163.31,-156.04,,,
2016-09-19,-163.03,-155.83,,,
2016-09-20,-163.04,-155.43,,,
2016-09-21,-162.83,-156.32,,,
2016-09-22,-162.95,-155.59,,,
2016-09-23,-163.63,-155.97,,,
2016-09-24,-162.71,-155.75,,,
2016-09-25,-163.68,-156.12,,,
2016-09-26,-162.52,-155.9,,,
2016-09-27,-162.98,-154.24,,,
2016-09-28,-162.83,-155.33,,,
2016-09-29,-163.39,-155.47,,,
2016-09-30,-163.87,-155.7,,,
2016-10-01,-163.24,-155.6,,,
2016-10-02,-164.07,-155.71,,,
2016-10-03,-163.97,-156.23,,,
2016-10-04,-162.66,-156.18,,,
2016-10-05,-163.5,-156.02,,,
2016-10-06,-163.45,-155.92,,,
2016-10-07,-163.76,-156.75,,,
2016-10-08,-164.64,-155.1,,,
2016-10-09,-162.73,-155.71,,,
2016-10-10,-163.64,-156,,,
2016-10-11,-163.22,-155.75,,,
2016-10-12,-164.1,-155.92,,,
2016-10-13,-163.44,-157.05,,,
2016-10-14,-164.04,-155.53,,,
2016-10-15,-164.37,-157.2,,,
2016-10-16,-164.52,-156.3,,,
2016-10-17,-164.61,-156.25,,,
2016-10-18,-163.92,-155.84,,,
2016-10-19,-165.12,-155.76,,,
2016-10-20,-164.46,-157.19,,,
2016-10-21,-163.8,-155.76,,,
2016-10-22,-163.48,-156.35,,,
2016-10-23,-164.4,-155.84,,,
2016-10-24,-164.71,-156.66,,,
2016-10-25,-164.75,-156.24,,,
2016-10-26,-165.26,-155.81,,,
2016-10-27,-166.31,-156.53,,,
2016-10-28,-164.3,-156.55,,,
2016-10-29,-165.4,-156.18,,,
2016-10-30,-164.94,-156.02,,,
2016-10-31,-165.25,-157.09,,,
2016-11-01,-164.94,-156.2,,,
2016-11-02,-164.44,-156.74,,,
2016-11-03,-165.22,-156.3,,,
2016-11-04,-165.34,-155.48,,,
2016-11-05,-165.18,-155.94,,,
2016-11-06,-165.18,-156.69,,,
2016-11-07,-164.82,-156.18,,,
2016-11-08,-164.8,-156.63,,,
2016-11-09,-164.49,-155.74,,,
2016-11-10,-163.93,-155.71,,,
2016-11-11,-164.06,-156.58,,,
2016-11-12,-164.34,-157.38,,,
2016-11-13,-164.42,-156.84,,,
2016-11-14,-163.86,-157.26,,,
2016-11-15,-165.1,-157.51,,,
2016-11-16,-164.44,-156.03,,,
2016-11-17,-164.73,-156.28,,,
2016-11-18,-164.68,-156.13,,,
2016-11-19,-165.06,-156.89,,,
2016-11-20,-163.89,-157.79,,,
2016-11-21,-164.02,-156.08,,,
2016-11-22,-164.87,-157.22,,,
2016-11-23,-165.51,-156.76,,,
2016-11-24,-164.31,-157,,,
2016-11-25,-164.97,-156.44,,,
2016-11-26,-165.45,-157.11,,,
2016-11-27,-165.16,-157.13,,,
2016-11-28,-164.67,-156.77,,,
2016-11-29,-165.23,-156.52,,,
2016-11-30,-165.62,-158.02,,,
2016-12-01,-164.63,-156.58,,,
2016-12-02,-164.77,-157.36,,,
2016-12-03,-162.81,-157.97,,,
2016-12-04,-164.11,-158.55,,,
2016-12-05,-164.87,-156.58,,,
2016-12-06,-165.48,-158.4,,,
2016-12-07,-164.49,-157.05,,,
2016-12-08,-164.75,-157.14,,,
2016-12-09,-167.77,-159.48,,,
2016-12-10,-165.29,-157.57,,,
2016-12-11,-165.71,-156.94,,,
2016-12-12,-166.06,-159.04,,,
2016-12-13,-165.17,-157.33,,,
2016-12-14,-165.08,-157.45,,,
2016-12-15,-166.18,-157.64,,,
2016-12-16,-165.3,-157.91,,,
2016-12-17,-165.99,-157.99,,,
2016-12-18,-166.56,-157.35,,,
2016-12-19,-165.45,-158.06,,,
2016-12-20,-166.42,-158.16,,,
2016-12-21,-165.98,-157.34,,,
2016-12-22,-165.95,-158.36,,,
2016-12-23,-165.12,-158.33,,,
2016-12-24,-165.04,-158.12,,,
2016-12-25,-165.1,-157.71,,,
2016-12-26,-165.65,-157.83,,,
2016-12-27,-164.46,-160.45,,,
2016-12-28,-165.02,-159.07,,,
2016-12-29,-164.8,-158.1,,,
2016-12-30,-164.58,-157.76,,,
2016-12-31,-165.34,-159.03,,,
2017-01-01,-164.53,-159.82,,,
2017-01-02,-164.81,-158.71,,,
2017-01-03,-165.1,-157.86,,,
2017-01-04,-164.71,-158.08,,,
2017-01-05,-164.99,-158.3,,,
2017-01-06,-165.45,-158.27,,,
2017-01-07,-164.93,-158.4,,,
2017-01-08,-165.28,-157.79,,,
2017-01-09,-164.69,-157.55,,,
2017-01-10,-165.25,-158.59,,,
2017-01-11,-165.69,-158.56,,,
2017-01-12,-165.88,-158.43,,,
2017-01-13,-166,-157.75,,,
2017-01-14,-165.98,-157.22,,,
2017-01-15,-166.38,-157.21,,,
2017-01-16,-165.88,-158.08,,,
2017-01-17,-166.9,-158.61,,,
2017-01-18,-165.47,-157.66,,,
2017-01-19,-166.22,-158.32,,,
2017-01-20,-166.32,-157.83,,,
2017-01-21,-165.49,-158.22,,,
2017-01-22,-165.88,-159.64,,,
2017-01-23,-165.5,-158.49,,,
2017-01-24,-165.26,-158.31,,,
2017-01-25,-165.64,-157.48,,,
2017-01-26,-165.56,-157.29,,,
2017-01-27,-165.2,-157.04,,,
2017-01-28,-165.44,-157.4,,,
2017-01-29,-165.87,-158.79,,,
2017-01-30,-166.2,-158.13,,,
2017-01-31,-165.2,-158.18,,,
2017-02-01,-165.51,-158.4,,,
2017-02-02,-165.74,-158.55,,,
2017-02-03,-166.37,-158.83,,,
2017-02-04,-165.63,-159.17,,,
2017-02-05,-166.12,-158.53,,,
2017-02-06,-166.74,-159.37,,,
2017-02-07,-171.16,-163.22,,,
2017-02-08,-165.87,-161.26,,,
2017-02-09,-175.52,-160.33,,,
2017-02-10,-166.3,-159.48,,,
2017-02-11,-166.21,-158.49,,,
2017-02-12,-166.89,-157.61,,,
2017-02-13,-166.33,-157.85,,,
2017-02-14,-167.47,-157.9,,,
2017-02-15,-168.02,-157.66,,,
2017-02-16,-166.83,-159.48,,,
2017-02-17,-166.62,-158.62,,,
2017-02-18,-165.42,-158.99,,,
2017-02-19,-166.31,-159.05,,,
2017-02-20,-165.84,-159,,,
2017-02-21,-165.76,-157.68,,,
2017-02-22,-166.63,-156.83,,,
2017-02-23,-165.81,-158.11,,,
2017-02-24,-167.1,-157.65,,,
2017-02-25,-166.6,-158.64,,,
2017-02-26,-166.37,-159.23,,,
2017-02-27,-166.77,-159.9,,,
2017-02-28,-165.65,-159.33,,,
2017-03-01,-166.17,-160.04,,,
2017-03-02,-165.97,-158.53,,,
2017-03-03,-166.32,-158.78,,,
2017-03-04,-166.14,-158.82,,,
2017-03-05,-166.05,-159.11,,,
2017-03-06,-166.05,-158.72,,,
2017-03-07,-165.89,-157.8,,,
2017-03-08,-165.79,-159.96,,,
2017-03-09,-165.92,-158.52,,,
2017-03-10,-164.78,-159.04,,,
2017-03-11,-165.29,-158.39,,,
2017-03-12,-166.1,-158.74,,,
2017-03-13,-167.44,-158.98,,,
2017-03-14,-167.34,-158.28,,,
2017-03-15,-166.6,-157.64,,,
2017-03-16,-166.16,-158.76,,,
2017-03-17,-166.66,-157.84,,,
2017-03-18,-166.87,-160.05,,,
2017-03-19,-166.09,-157.98,,,
2017-03-20,-165.8,-157.14,,,
2017-03-21,-166.26,-157.96,,,
2017-03-22,-167.4,-158.22,,,
2017-03-23,-167.32,-159.02,,,
2017-03-24,-168.37,-159.99,,,
2017-03-25,-168.33,-160.82,,,
2017-03-26,-168.32,-161.66,,,
2017-03-27,-168.41,-161.79,,,
2017-03-28,-169.43,-161.81,,,
2017-03-29,-168.69,-162.84,,,
2017-03-30,-168.04,-163.53,,,
2017-03-31,-168.82,-161.97,,,
2017-04-01,-169.24,-161.27,,,
2017-04-02,-167.41,-163.85,,,
2017-04-03,-168.36,-163,,,
2017-04-04,-168.36,-162.35,,,
2017-04-05,-168.73,-162.95,,,
2017-04-06,-169.17,-162.91,,,
2017-04-07,-170.02,-163.82,,,
2017-04-08,-169.03,-162.94,,,
2017-04-09,-169.23,-162.96,,,
2017-04-10,-169.59,-162.73,,,
2017-04-11,-168.9,-162.93,,,
2017-04-12,-168.34,-163.01,,,
2017-04-13,-168.78,-162.74,,,
2017-04-14,-168.9,-163.18,,,
2017-04-15,-169.45,-162.47,,,
2017-04-16,-168.87,-162.5,,,
2017-04-17,-169.42,-162.95,,,
2017-04-18,-169.13,-162.92,,,
2017-04-19,-168.88,-163.33,,,
2017-04-20,-168.92,-162.95,,,
2017-04-21,-168.44,-163.13,,,
2017-04-22,-169.08,-162.02,,,
2017-04-23,-169.61,-162.89,,,
2017-04-24,-169.55,-163.46,,,
2017-04-25,-169.21,-163.02,,,
2017-04-26,-169.16,-162.39,,,
2017-04-27,-167.92,-162.41,,,
2017-04-28,-168.79,-162.75,,,
2017-04-29,-169.5,-163.58,,,
2017-04-30,-168.9,-162.74,,,
2017-05-01,-169.41,-162.77,,,
2017-05-02,-169.27,-163.37,,,
2017-05-03,-169.09,-163.23,,,
2017-05-04,-169.43,-163.31,,,
2017-05-05,-167.72,-163.78,,,
2017-05-06,-168.94,-163.39,,,
2017-05-07,-168.74,-163.11,,,
2017-05-08,-168.34,-163.06,,,
2017-05-09,-168.68,-163.53,,,
2017-05-10,-169.44,-163.45,,,
2017-05-11,-169.17,-163.91,,,
2017-05-12,-169,-162.57,,,
2017-05-13,-168.79,-163.4,,,
2017-05-14,-168.64,-162.65,,,
2017-05-15,-168.69,-163.45,,,
2017-05-16,-168.27,-163.86,,,
2017-05-17,-168.17,-163.68,,,
2017-05-18,-169.78,-162.96,,,
2017-05-19,-169.81,-163.03,,,
2017-05-20,-170.77,-163.01,,,
2017-05-21,-170.2,-163.01,,,
2017-05-22,-169.64,-163.26,,,
2017-05-23,-170.18,-164.25,,,
2017-05-24,-170.4,-164.04,,,
2017-05-25,-169.32,-164.04,,,
2017-05-26,-169.36,-163.6,,,
2017-05-27,-169.63,-163.13,,,
2017-05-28,-169.86,-162.84,,,
2017-05-29,-169.76,-162.68,,,
2017-05-30,-170.2,-164.97,,,
2017-05-31,-170.61,-162.55,,,
2017-06-01,-170.56,-161.78,,,
2017-06-02,-169.95,-163.51,,,
2017-06-03,-170.56,-162.8,,,
2017-06-04,-170.5,-162.9,,,
2017-06-05,-170.13,-163.39,,,
2017-06-06,-169.63,-163.28,,,
2017-06-07,-169.65,-162.73,,,
2017-06-08,-170.24,-163.37,,,
2017-06-09,-169.84,-162.96,,,
2017-06-10,-170.95,-162.74,,,
2017-06-11,-170.27,-162.57,,,
2017-06-12,-169.81,-163.45,,,
2017-06-13,-169,-162.48,,,
2017-06-14,-169.83,-163.34,,,
2017-06-15,-170.97,-164.05,,,
2017-06-16,-169.64,-163.44,,,
2017-06-17,-169.58,-164.33,,,
2017-06-18,-170.67,-163.11,,,
2017-06-19,-170.42,-162.71,,,
2017-06-20,-169.58,-159.72,,,
2017-06-21,-170.16,-163.34,,,
2017-06-22,-168.74,-163.12,,,
2017-06-23,-169.57,-163.3,,,
2017-06-24,-170.22,-163.57,,,
2017-06-25,-170.02,-163.1,,,
2017-06-26,-169.93,-163.55,,,
2017-06-27,-169.2,-164.08,,,
2017-06-28,-169.45,-163.26,,,
2017-06-29,-169.35,-163.2,,,
2017-06-30,-169.5,-162.54,,,
2017-07-01,-169.55,-162.3,,,
2017-07-02,-169.85,-163.97,,,
2017-07-03,-169.29,-163.95,,,
2017-07-04,-170.37,-163.87,,,
2017-07-05,-169.24,-163.71,,,
2017-07-06,-169.55,-163.82,,,
2017-07-07,-170.04,-163.07,,,
2017-07-08,-170.33,-163.86,,,
2017-07-09,-169.29,-162.4,,,
2017-07-10,-169.8,-163.16,,,
2017-07-11,-169.84,-164.35,,,
2017-07-12,-171.45,-162.74,,,
2017-07-13,-169.6,-164.33,,,
2017-07-14,-170.33,-163.73,,,
2017-07-15,-171.59,-163.16,,,
2017-07-16,-171.91,-163.22,,,
2017-07-17,-169.8,-163.8,,,
2017-07-18,-170.26,-163.06,,,
2017-07-19,-170.34,-162.82,,,
2017-07-20,-171.14,-163.91,,,
2017-07-21,-170.5,-163.79,,,
2017-07-22,-169.89,-163.82,,,
2017-07-23,-169.55,-164.22,,,
2017-07-24,-170.21,-163.55,,,
2017-07-25,-170.31,-164.75,,,
2017-07-26,-171.42,-164.07,,,
2017-07-27,-169.72,-162.46,,,
2017-07-28,-170,-164.03,,,
2017-07-29,-169.41,-163.98,,,
2017-07-30,-170.23,-163.73,,,
2017-07-31,-169.17,-163.73,,,
2017-08-01,-170.61,-163.05,,,
2017-08-02,-170.38,-163.28,,,
2017-08-03,-170.18,-163.93,,,
2017-08-04,-169.96,-163.7,,,
2017-08-05,-170.79,-163.67,,,
2017-08-06,-169.62,-163.89,,,
2017-08-07,-170.94,-163.32,,,
2017-08-08,-170.61,-164.08,,,
2017-08-09,-171.22,-163.94,,,
2017-08-10,-172.55,-163.17,,,
2017-08-11,-170.41,-164.12,,,
2017-08-12,-169.87,-162.92,,,
2017-08-13,-170.09,-164.18,,,
2017-08-14,-171.01,-164.34,,,
2017-08-15,-171.67,-163.76,,,
2017-08-16,-169.59,-164.07,,,
2017-08-17,-170.48,-163.92,,,
2017-08-18,-171.43,-164.38,,,
2017-08-19,-170.25,-163.27,,,
2017-08-20,-170.02,-164.86,,,
2017-08-21,-170.57,-164.46,,,
2017-08-22,-170.46,-163.33,,,
2017-08-23,-168.55,-163.25,,,
2017-08-24,-171.62,-164.13,,,
2017-08-25,-170.14,-164.02,,,
2017-08-26,-170.45,-164.51,,,
2017-08-27,-169.14,-164.67,,,
2017-08-28,-170.41,-164.73,,,
2017-08-29,-169.28,-164.14,,,
2017-08-30,-169.4,-163.34,,,
2017-08-31,-169.6,-162.73,,,
2017-09-01,-170.22,-164.07,,,
2017-09-02,-171.11,-164.25,,,
2017-09-03,-171.4,-164.52,,,
2017-09-04,-171.04,-162.92,,,
2017-09-05,-170.87,-163.79,,,
2017-09-06,-170.8,-163.99,,,
2017-09-07,-170.36,-163.91,,,
2017-09-08,-171.18,-163.41,,,
2017-09-09,-171.88,-163.26,,,
2017-09-10,-171.9,-163.05,,,
2017-09-11,-171.51,-163.39,,,
2017-09-12,-171.71,-163.52,,,
2017-09-13,-169.79,-163.03,,,
2017-09-14,-171.55,-163.85,,,
2017-09-15,-172.21,-163.77,,,
2017-09-16,-171.17,-163.55,,,
2017-09-17,-171.55,-164.57,,,
2017-09-18,-173.5,-164.15,,,
2017-09-19,-171.93,-164.5,,,
2017-09-20,-172.01,-164.11,,,
2017-09-21,-172.42,-164.21,,,
2017-09-22,-171.16,-163.62,,,
2017-09-23,-172.32,-163.57,,,
2017-09-24,-171.54,-163.59,,,
2017-09-25,-172.49,-163.86,,,
2017-09-26,-171.93,-163.77,,,
2017-09-27,-171.32,-163.64,,,
2017-09-28,-171.75,-163.99,,,
2017-09-29,-173.05,-164.27,,,
2017-09-30,-173.12,-163.37,,,
2017-10-01,-172.29,-164.73,,,
2017-10-02,-171.68,-164.23,,,
2017-10-03,-171.54,-164.28,,,
2017-10-04,-171.69,-164.15,,,
2017-10-05,-172.11,-164.09,,,
2017-10-06,-174.9,-164.6,,,
2017-10-07,-170.22,-165.91,,,
2017-10-08,-171.73,-164.77,,,
2017-10-09,-171.83,-163.79,,,
2017-10-10,-172.84,-164.65,,,
2017-10-11,-172.81,-163.8,,,
2017-10-12,-172.36,-163.88,,,
2017-10-13,-173.16,-164.5,,,
2017-10-14,-173.07,-164.65,,,
2017-10-15,-173.44,-163.89,,,
2017-10-16,-172.95,-163.41,,,
2017-10-17,-171.04,-165.78,,,
2017-10-18,-173.34,-164.34,,,
2017-10-19,-173.61,-166.95,,,
2017-10-20,-173.22,-164.88,,,
2017-10-21,-173.83,-164.75,,,
2017-10-22,-172.24,-166.12,,,
2017-10-23,-173.51,-164.25,,,
2017-10-24,-171.76,-164.84,,,
2017-10-25,-173.23,-166.06,,,
2017-10-26,-172.68,-164.54,,,
2017-10-27,-172.52,-165.32,,,
2017-10-28,-172.82,-165.56,,,
2017-10-29,-172.9,-166.62,,,
2017-10-30,-172.22,-165.32,,,
2017-10-31,-171.95,-165.83,,,
2017-11-01,-171.74,-165.64,,,
2017-11-02,-171.65,-164.96,,,
2017-11-03,-173.08,-166.21,,,
2017-11-04,-172.5,-166.05,,,
2017-11-05,-172.24,-166.67,,,
2017-11-06,-172.36,-165.44,,,
2017-11-07,-173.3,-164.89,,,
2017-11-08,-173.43,-165.95,,,
2017-11-09,-173.47,-166.58,,,
2017-11-10,-172.71,-165.71,,,
2017-11-11,-174.43,-165.2,,,
2017-11-12,-173.69,-165.39,,,
2017-11-13,-174.11,-165.32,,,
2017-11-14,-173,-165.95,,,
2017-11-15,-173.25,-165.39,,,
2017-11-16,-172.87,-166.29,,,
2017-11-17,-172.54,-165.86,,,
2017-11-18,-173.06,-165.47,,,
2017-11-19,-172.47,-166.64,,,
2017-11-20,-172.48,-166.09,,,
2017-11-21,-172.86,-165.36,,,
2017-11-22,-171.94,-166.08,,,
2017-11-23,-173.32,-166.79,,,
2017-11-24,-172.59,-166.95,,,
2017-11-25,-173.4,-166.25,,,
2017-11-26,-172.89,-166.85,,,
2017-11-27,-172.66,-166.7,,,
2017-11-28,-172.99,-165.83,,,
2017-11-29,-172.58,-166.38,,,
2017-11-30,-173.78,-166.2,,,
2017-12-01,-173.2,-166.39,,,
2017-12-02,-173.65,-166.16,,,
2017-12-03,-172.93,-166.98,,,
2017-12-04,-172.71,-165.77,,,
2017-12-05,-173.57,-165.98,,,
2017-12-06,-173.37,-166.25,,,
2017-12-07,-174.23,-165.97,,,
2017-12-08,-174.28,-166.25,,,
2017-12-09,-173.98,-166.21,,,
2017-12-10,-174.55,-165.58,,,
2017-12-11,-174.08,-166.34,,,
2017-12-12,-173.35,-166.55,,,
2017-12-13,-173.73,-166.36,,,
2017-12-14,-174.17,-166.42,,,
2017-12-15,-174.09,-164.9,,,
2017-12-16,-173.85,-166.47,,,
2017-12-17,-173.72,-166.86,,,
2017-12-18,-173.58,-168.22,,,
2017-12-19,-175.17,-168.43,,,
2017-12-20,-173.36,-166.36,,,
2017-12-21,-174.11,-167.08,,,
2017-12-22,-173.86,-166.41,,,
2017-12-23,-173.6,-166.59,,,
2017-12-24,-173.59,-165.18,,,
2017-12-25,-173.65,-167.18,,,
2017-12-26,-173.32,-166.09,,,
2017-12-27,-173.67,-165.72,,,
2017-12-28,-174.53,-166.37,,,
2017-12-29,-173.7,-166.42,,,
2017-12-30,-173.32,-165.78,,,
2017-12-31,-173.4,-165.76,,,
2018-01-01,-173.66,-166.01,,,
2018-01-02,-173.46,-167.07,,,
2018-01-03,-174.7,-166.35,,,
2018-01-04,-174.22,-166.35,,,
2018-01-05,-174.5,-166.89,,,
2018-01-06,-173.79,-166.04,,,
2018-01-07,-173.76,-167.03,,,
2018-01-08,-174.51,-166.82,,,
2018-01-09,-173.53,-167.45,,,
2018-01-10,-172.14,-167.11,,,
2018-01-11,-174.68,-166.73,,,
2018-01-12,-173.56,-166.63,,,
2018-01-13,-174.3,-166.17,,,
2018-01-14,-172.33,-165.81,,,
2018-01-15,-174.17,-166.35,,,
2018-01-16,-174.06,-167,,,
2018-01-17,-174.09,-166.35,,,
2018-01-18,-172.86,-167.72,,,
2018-01-19,-174.43,-166.65,,,
2018-01-20,-174.23,-166.71,,,
2018-01-21,-174.63,-167.07,,,
2018-01-22,-175.13,-167.19,,,
2018-01-23,-173.96,-166.19,,,
2018-01-24,-174.6,-166.42,,,
2018-01-25,-173.4,-167.13,,,
2018-01-26,-173.2,-167.09,,,
2018-01-27,-174.03,-165.97,,,
2018-01-28,-173.64,-165.87,,,
2018-01-29,-173.58,-166.4,,,
2018-01-30,-173.88,-167.69,,,
2018-01-31,-173.7,-166.06,,,
2018-02-01,-174.34,-166.54,,,
2018-02-02,-174.72,-168.71,,,
2018-02-03,-173.79,-164.66,,,
2018-02-04,-173.97,-172.16,,,
2018-02-05,-173.49,-167.38,,,
2018-02-06,-174.86,-166.37,,,
2018-02-07,-174.46,-165.64,,,
2018-02-08,-173.99,-172.11,,,
2018-02-09,-174.3,-166.01,,,
2018-02-10,-173.56,-166.66,,,
2018-02-11,-173.3,-166.3,,,
2018-02-12,-174.7,-166.8,,,
2018-02-13,-175.9,-167.19,,,
2018-02-14,-174.26,-167.17,,,
2018-02-15,-175.47,-166.87,,,
2018-02-16,-174.62,-166.31,,,
2018-02-17,-174.29,-167.39,,,
2018-02-18,-174.8,-168.05,,,
2018-02-19,-174.66,-167.79,,,
2018-02-20,-174.18,-167.17,,,
2018-02-21,-174.5,-166.98,,,
2018-02-22,-174.63,-166.73,,,
2018-02-23,-174.14,-166.79,,,
2018-02-24,-174.24,-168.02,,,
2018-02-25,-174.2,-167.72,,,
2018-02-26,-173.87,-167.42,,,
2018-02-27,-173.23,-166.88,,,
2018-02-28,-174.93,-166.22,,,
2018-03-01,-174.69,-166.46,,,
2018-03-02,-173.48,-166.4,,,
2018-03-03,-174.03,-166.42,,,
2018-03-04,-173.73,-166.44,,,
2018-03-05,-173.99,-165.53,,,
2018-03-06,-174.17,-166.04,,,
2018-03-07,-172.66,-166.59,,,
2018-03-08,-174.14,-167.67,,,
2018-03-09,-174.18,-166.59,,,
2018-03-10,-173.97,-166.38,,,
2018-03-11,-173.65,-166.28,,,
2018-03-12,-173.7,-166.06,,,
2018-03-13,-175.27,-165.44,,,
2018-03-14,-175.21,-167.17,,,
2018-03-15,-174.19,-166.9,,,
2018-03-16,-174.23,-167.77,,,
2018-03-17,-174.36,-167.56,,,
2018-03-18,-173.37,-166.51,,,
2018-03-19,-174.85,-167,,,
2018-03-20,-174.12,-166.85,,,
2018-03-21,-174.43,-167.02,,,
2018-03-22,-174.67,-168.29,,,
2018-03-23,-174.36,-166.39,,,
2018-03-24,-174.57,-167.25,,,
2018-03-25,-174.47,-167.04,,,
2018-03-26,-174.9,-166.27,,,
2018-03-27,-175.75,-170.48,,,
2018-03-28,-174.29,-167.03,,,
2018-03-29,-174.11,-166.53,,,
2018-03-30,-174.43,-167.2,,,
2018-03-31,-174.82,-166.74,,,
2018-04-01,-174.58,-168.06,,,
2018-04-02,-173.17,-167.93,,,
2018-04-03,-174.85,-165.95,,,
2018-04-04,-175.49,-167.21,,,
2018-04-05,-175.33,-167.11,,,
2018-04-06,-175.71,-166.95,,,
2018-04-07,-176.46,-166.67,,,
2018-04-08,-175.71,-167.69,,,
2018-04-09,-175.55,-166.82,,,
2018-04-10,-174.42,-167,,,
2018-04-11,-176.23,-167.04,,,
2018-04-12,-175.29,-166.15,,,
2018-04-13,-175.85,-166.95,,,
2018-04-14,-175.91,-167.45,,,
2018-04-15,-175.94,-167.82,,,
2018-04-16,-175.53,-167.69,,,
2018-04-17,-175.04,-167.48,,,
2018-04-18,-175.94,-167.3,,,
2018-04-19,-175.52,-167.21,,,
2018-04-20,-175.98,-167.64,,,
2018-04-21,-175.19,-169.04,,,
2018-04-22,-175.09,-167.5,,,
2018-04-23,-174.68,-167.47,,,
2018-04-24,-175.02,-167.61,,,
2018-04-25,-175.15,-167.22,,,
2018-04-26,-174.84,-166.83,,,
2018-04-27,-175.41,-167.12,,,
2018-04-28,-176.43,-167.01,,,
2018-04-29,-175.99,-167.8,,,
2018-04-30,-174.55,-168.42,,,
2018-05-01,-174.74,-168.22,,,
2018-05-02,-175.39,-168.57,,,
2018-05-03,-176.23,-168.2,,,
2018-05-04,-174.82,-168.06,,,
2018-05-05,-175.16,-167.86,,,
2018-05-06,-175.83,-167.89,,,
2018-05-07,-174.71,-168.37,,,
2018-05-08,-176.14,-168.01,,,
2018-05-09,-176.7,-167.15,,,
2018-05-10,-175.44,-167.81,,,
2018-05-11,-175.95,-167.72,,,
2018-05-12,-175.64,-168,,,
2018-05-13,-175.53,-167.9,,,
2018-05-14,-175.22,-169.16,,,
2018-05-15,-176.04,-168.04,,,
2018-05-16,-175.16,-168.3,,,
2018-05-17,-174.72,-168.15,,,
2018-05-18,-176.05,-168.27,,,
2018-05-19,-176.18,-167.91,,,
2018-05-20,-175.57,-166.76,,,
2018-05-21,-175.7,-168.18,,,
2018-05-22,-175.83,-167.73,,,
2018-05-23,-174.83,-168.24,,,
2018-05-24,-175.27,-166.56,,,
2018-05-25,-175.38,-166.22,,,
2018-05-26,-174.65,-166.94,,,
2018-05-27,-175.13,-168.22,,,
2018-05-28,-175.88,-167.77,,,
2018-05-29,-175.81,-167.37,,,
2018-05-30,-175.45,-167.78,,,
2018-05-31,-175.67,-166.86,,,
2018-06-01,-175.77,-168.07,,,
2018-06-02,-176.26,-167.42,,,
2018-06-03,-176.23,-166,,,
2018-06-04,-175,-166.96,,,
2018-06-05,-177.05,-166.43,,,
2018-06-06,-177,-167.47,,,
2018-06-07,-177.1,-166.28,,,
2018-06-08,-177.97,-167.46,,,
2018-06-09,-176.28,-166.22,,,
2018-06-10,-176.97,-166.09,,,
2018-06-11,-176.77,-166.35,,,
2018-06-12,-177.51,-166.95,,,
2018-06-13,-176.6,-166.55,,,
2018-06-14,-176.79,-166.77,,,
2018-06-15,-177.09,-166.73,,,
2018-06-16,-176.92,-167.24,,,
2018-06-17,-176.84,-167.26,,,
2018-06-18,-175.74,-166.95,,,
2018-06-19,-175.79,-166.76,,,
2018-06-20,-177.94,-166.86,,,
2018-06-21,-176.87,-166.18,,,
2018-06-22,-176.19,-166.44,,,
2018-06-23,-177.17,-166.22,,,
2018-06-24,-176.81,-166.39,,,
2018-06-25,-175.04,-167.45,,,
2018-06-26,-176.19,-166.93,,,
2018-06-27,-176.05,-166.37,,,
2018-06-28,-175.41,-167.41,,,
2018-06-29,-177.52,-167.19,,,
2018-06-30,-176.49,-165.55,,,
2018-07-01,-177.55,-167.23,,,
2018-07-02,-176.74,-166.87,,,
2018-07-03,-175.81,-168.37,,,
2018-07-04,-176.78,-168.49,,,
2018-07-05,-177.1,-168.93,,,
2018-07-06,-176.13,-168.07,,,
2018-07-07,-177.23,-168.66,,,
2018-07-08,-178.82,-169.19,,,
2018-07-09,-178.31,-170.36,,,
2018-07-10,-179.15,-171.17,,,
2018-07-11,-179.17,-171.81,,,
2018-07-12,-180.03,-171.72,,,
2018-07-13,-179.98,-171.78,,,
2018-07-14,-179.32,-172.38,,,
2018-07-15,-179.95,-172.19,,,
2018-07-16,-180.76,-172.31,,,
2018-07-17,-178.88,-171.45,,,
2018-07-18,-178.29,-172.07,,,
2018-07-19,-180.13,-170.71,,,
2018-07-20,-179.6,-172.72,,,
2018-07-21,-179.63,-172.09,,,
2018-07-22,-179.62,-171.52,,,
2018-07-23,-179.2,-172.06,,,
2018-07-24,-181.09,-171.85,,,
2018-07-25,-178.7,-172.49,,,
2018-07-26,-179.12,-172.09,,,
2018-07-27,-179.47,-171.92,,,
2018-07-28,-180.52,-171.8,,,
2018-07-29,-178.98,-171.97,,,
2018-07-30,-179.1,-172.25,,,
2018-07-31,-179.73,-171.25,,,
2018-08-01,-180.03,-172.49,,,
2018-08-02,-179.95,-172.1,,,
2018-08-03,-179.39,-172.46,,,
2018-08-04,-180.08,-172.21,,,
2018-08-05,-179.64,-171.83,,,
2018-08-06,-180.17,-172.59,,,
2018-08-07,-180.51,-171.69,,,
2018-08-08,-179.94,-173.12,,,
2018-08-09,-179.86,-172.83,,,
2018-08-10,-180.1,-171.73,,,
2018-08-11,-180.03,-171.88,,,
2018-08-12,-179.7,-171.72,,,
2018-08-13,-180.09,-172.07,,,
2018-08-14,-180,-172.51,,,
2018-08-15,-180.75,-172.39,,,
2018-08-16,-178.31,-172.45,,,
2018-08-17,-179.42,-172.43,,,
2018-08-18,-179.22,-172.03,,,
2018-08-19,-179.83,-172.46,,,
2018-08-20,-179.44,-171.41,,,
2018-08-21,-178.62,-172.08,,,
2018-08-22,-180.17,-171.86,,,
2018-08-23,-180.17,-170.39,,,
2018-08-24,-180.27,-171.73,,,
2018-08-25,-180.22,-171.81,,,
2018-08-26,-180.22,-171.8,,,
2018-08-27,-180.57,-172.5,,,
2018-08-28,-181.11,-171.52,,,
2018-08-29,-179.52,-173.19,,,
2018-08-30,-179.99,-171.4,,,
2018-08-31,-179.21,-173.1,,,
2018-09-01,-180.44,-172.07,,,
2018-09-02,-179.86,-171.59,,,
2018-09-03,-179.88,-170.73,,,
2018-09-04,-180.38,-171.62,,,
2018-09-05,-180.47,-172.25,,,
2018-09-06,-180.29,-171.93,,,
2018-09-07,-179.59,-172.39,,,
2018-09-08,-180.36,-171.89,,,
2018-09-09,-181.39,-171.97,,,
2018-09-10,-181.25,-171.84,,,
2018-09-11,-181.88,-171.61,,,
2018-09-12,-180.31,-172.02,,,
2018-09-13,-179.76,-171.86,,,
2018-09-14,-181.24,-171.68,,,
2018-09-15,-181.16,-172.07,,,
